zaman,sembol,tur,detay
2026-08-03 07:08:46.937267,GARAN.IS,haber,Türkiye Garanti Bankası A.Ş. (GARAN) Bilanço Açıkladı! Kâr Artışı Dikkat Çekti - Para Ajansı
2026-08-03 07:08:51.643351,ASELS.IS,haber,Bu hafta Astor Enerji dahil 6 şirket temettü gündemi ile toplanacak - rotaborsa.com
2026-08-03 07:08:53.777254,TUPRS.IS,haber,Temettü dağıtacak 56 şirket - rotaborsa.com | Temettü kararını açıklayan 24 şirket - rotaborsa.com
2026-08-03 07:08:56.422827,TOASO.IS,haber,Temettü Tahmini En Yüksek Şirketler! İşte En Yüksek Verim Beklenen 5 Hisse! - Para Ajansı
2026-08-03 07:08:59.656520,ASTOR.IS,haber,Bu hafta Astor Enerji dahil 6 şirket temettü gündemi ile toplanacak - rotaborsa.com | Temettü dağıtacak 56 şirket - rotaborsa.com
2026-08-04 13:25:10.660735,THYAO.IS,haber,THY'den tüm zamanların yolcu ve uçuş rekoru - Uzmanpara | Türk Hava Yolları günlük yolcu ve sefer sayısında rekor kırdı - getmidas.com | THY’den yolcu ve uçuş rekoru - Ekonomim
2026-08-04 13:25:13.181075,ASELS.IS,haber,Borsa İstanbul Günün İlk Yarısında Yükseldi (4 Ağustos 2026) - paraninyonu.com.tr | Bu hafta Astor Enerji dahil 6 şirket temettü gündemi ile toplanacak - Rota Borsa
2026-08-04 13:25:15.030194,SASA.IS,haber,SASA'nın Temmuz satışları 178 milyon dolara yükseldi - Borsatek | SASA'nın Temmuz satışları rekor kırdı: Ciro yüzde 60 arttı - YatırımX | Yarın bir şirket yatırımcılarına temettü dağıtacak - Rota Borsa
2026-08-04 13:25:16.128909,TUPRS.IS,haber,Yarın bir şirket yatırımcılarına temettü dağıtacak - Rota Borsa | Girişim Elektrik (GESAN) yeni ihale kazandı - Rota Borsa
2026-08-04 13:25:22.014843,ASTOR.IS,haber,Bu hafta Astor Enerji dahil 6 şirket temettü gündemi ile toplanacak - Rota Borsa
2026-08-05 13:21:29.379976,THYAO.IS,haber,THY’den yolcu ve uçuş rekoru: İki günde tarihi performans - turkiyedeisdunyasi.com | BIST 100 Endeksi Yükseldi - Son Dakika | Temettü ödemeleri hisse fiyatlarını nasıl etkiliyor? - iscihaber.net
2026-08-05 13:21:30.463671,AKBNK.IS,haber,Dört göstergede aynı anda güçlenen hisseler! İşlem hacmi ve fiyat birlikte yükseldi haberi - Borsanın Gündemi | BIST 100 Endeksi Yükseldi - Son Dakika
2026-08-05 13:21:31.809254,YKBNK.IS,haber,"ASELSAN bilançosu açıklandı: Hedef fiyat neden yükseldi, beklenti ne? - ajansflash.com"
2026-08-05 13:21:33.101580,ASELS.IS,haber,"KAP *** PARDUS PORTFÖY TEMETTÜ ÖDEYEN ŞİRKETLER HİSSE SENEDİ FONU (HİSSE SENEDİ YOĞUN FON) *** PA1 *** Portföy Dağılım Raporu - Yeni Şafak | ASELSAN bilançosu açıklandı: Hedef fiyat neden yükseldi, beklenti ne? - ajansflash.com | ASELSAN'dan güçlü finansal performans: Ciro 88,5 milyar TL'ye yükseldi - CNBC-e"
2026-08-05 13:21:35.316125,SASA.IS,haber,"Wayfair, güçlü Q3 rehberi ve Q2 beklenti aşımıyla %19 yükseldi - Investing.com Türkiye"
2026-08-05 13:21:38.643877,FROTO.IS,haber,"ASELSAN'dan güçlü finansal performans: Ciro 88,5 milyar TL'ye yükseldi - CNBC-e"
2026-08-05 13:21:40.754100,TAVHL.IS,haber,"Ohri Havalimanı rekor bir Temmuz ayı geçirdi, Makedonya havalimanları Avrupa'nın en hızlı büyüyenleri arasında. - Слободен печат"
2026-08-05 13:21:42.803989,ASTOR.IS,haber,"Wayfair, güçlü Q3 rehberi ve Q2 beklenti aşımıyla %19 yükseldi - Investing.com Türkiye"
2026-08-06 13:13:39.039702,THYAO.IS,haber,Temettü ödemeleri hisse fiyatlarını nasıl etkiliyor? - İşçi Haber
2026-08-06 13:13:40.173723,AKBNK.IS,haber,Borsa İstanbul'da BIST 100 Yükseldi - SonDakika
2026-08-06 13:13:42.103213,ASELS.IS,haber,"ASELSAN'dan güçlü finansal performans: Ciro 88,5 milyar TL'ye yükseldi - cnbce.com | Aselsan (ASELS) 2. Çeyrek Bilançosunda %71 Kâr Artışı Açıkladı - Para Ajansı"
2026-08-06 13:13:44.515857,TUPRS.IS,haber,"Tüpraş Hisseleri Rekor Tazeledi! TUPRS 319,75 TL’yi Gördü, Zirveye Bir Adım Kaldı - Bölgenin Sesi Gazetesi | Tüpraş (TUPRS) için hedef fiyat 62 TL birden yükseldi - Paratic Haber | Tüpraş Hisselerinde Dev Yükseliş! TUPRS 319 TL'yi Gördü: Rekor Bilanço Sonrası Rekor Fiyat! - politikam.com"
2026-08-06 13:13:46.845923,TTKOM.IS,haber,"Türk Telekom, 2026 gelir büyüme öngörüsünü %8’e revize etti - Investing.com Türkiye | Türk Telekom 2026 gelir büyümesi öngörüsünü yüzde 8'e revize etti - Foreks.com | TTKOM'da Kâr Artışı Dikkat Çekti: Hedef Fiyatlar Açıklandı - borsagundem.com.tr"
2026-08-06 13:13:47.885414,FROTO.IS,haber,"ASELSAN'dan güçlü finansal performans: Ciro 88,5 milyar TL'ye yükseldi - cnbce.com"
2026-08-06 13:13:50.798884,GUBRF.IS,haber,Gübretaş (GUBRF) bağlı ortaklığından temettü dağıtma kararı - rotaborsa.com
2026-08-06 13:13:51.801924,TKFEN.IS,haber,Hissesi tavan olan Tekfen Holding’den temettü duyurusu - Paratic Haber | Tekfen Holding (TKFEN) 2026 yılı temettü kararını açıkladı - rotaborsa.com | TKFEN temettü kararını açıkladı: 2025'te dağıtım yapılmayacak - YatırımX
2026-08-06 13:13:52.837201,ASTOR.IS,haber,Borsa İstanbul'da BIST 100 Yükseldi - SonDakika | Yarın Astor Enerji dahil 3 şirket temettü gündemi ile Genel Kurula gidiyor - rotaborsa.com | BİSTin Aktif Büyümede Zirveye Oynayan 15 Hisse Senedi Belli Oldu! - Para Ajansı
2026-08-07 10:16:36.786906,THYAO.IS,haber,"Piyasalarda gün ortası: Borsa geriledi, dolar yükseldi - ekotürk"
2026-08-07 10:16:38.424982,ISCTR.IS,haber,"Garanti BBVA’nın ""Yatırım Konuşuyoruz"" Serisinde Rekor - Banka Dünyası"
2026-08-07 10:16:39.964026,ASELS.IS,haber,"Borsa İstanbul'da BIST 100 Yükseldi - SonDakika | ASELSAN'dan Rekor Hedef: 30 Milyar Dolarlık Sipariş Beklentisi... - Para Ajansı | Piyasalarda gün ortası: Borsa geriledi, dolar yükseldi - ekotürk"
2026-08-07 10:16:40.936563,KCHOL.IS,haber,Koç Holding A.Ş. (KCHOL) Son Bilançosunda %147 Kâr Artışı Açıkladı - Para Ajansı
2026-08-07 10:16:41.979610,EREGL.IS,haber,"Erdemir'in ilk yarı net karı 9,2 milyar TL'ye yükseldi - Foreks.com"
2026-08-07 10:16:43.595672,TUPRS.IS,haber,Borsa İstanbul'da BIST 100 Yükseldi - SonDakika
2026-08-07 10:16:46.276345,FROTO.IS,haber,"GYO Endeksi %13 oranında yükseldi, iki hissenin performansı %100’ü geçti - Ekonomim"
2026-08-07 10:16:49.092702,GUBRF.IS,haber,Gübretaş (GUBRF) bağlı ortaklığından temettü dağıtma kararı - Rota Borsa
2026-08-07 10:16:50.059761,TKFEN.IS,haber,Tekfen Holding (TKFEN) 2026 yılı temettü kararını açıkladı - Rota Borsa
2026-08-07 10:16:51.066549,ASTOR.IS,haber,Yarın Astor Enerji dahil 3 şirket temettü gündemi ile Genel Kurula gidiyor - Rota Borsa
2026-08-07 10:16:51.906882,OYAKC.IS,haber,"Nike'tan hisse başına 0,41 dolar temettü kararı - Ekonomim"
2026-08-07 14:37:05.285471,THYAO.IS,haber,"THY temmuzda 9,5 milyon yolcu taşıyarak rekor kırdı - Dünya Gazetesi | Borsa İstanbul'da BIST 100 Yükseldi - Son Dakika"
2026-08-07 14:37:06.288358,AKBNK.IS,haber,Borsa İstanbul'da BIST 100 Yükseldi - Son Dakika
2026-08-07 14:37:08.190793,ASELS.IS,haber,Borsa İstanbul'da BIST 100 Yükseldi - Son Dakika
2026-08-07 14:37:10.592937,TUPRS.IS,haber,"Tüpraş Hisseleri Rekor Tazeledi! TUPRS 319,75 TL’yi Gördü, Zirveye Bir Adım Kaldı - bolgeninsesigazetesi.com | Borsa İstanbul'da BIST 100 Yükseldi - Son Dakika"
2026-08-07 14:37:12.624083,TCELL.IS,haber,Turkcell'e rekor ilgi! 58 bin başvuru arasından seçilen 252 genç işe başladı - Dünya Gazetesi
2026-08-07 14:37:17.202058,TKFEN.IS,haber,2 şirket temettü kararını açıkladı - Rota Borsa
2026-08-07 14:37:18.029738,ASTOR.IS,haber,Borsa İstanbul'da BIST 100 Yükseldi - Son Dakika | Bugün 3 şirket genel kurul yapacak: 1 temettü teklifi görüşülecek - borsagundem.com.tr
2026-08-07 14:37:18.703974,OYAKC.IS,haber,OYAKC'de İşlem Hacmi Yükseldi! Kritik Destek ve Direnç Seviyeleri - Para Ajansı
2026-08-10 07:55:43.449337,KCHOL.IS,teknik,fiyat=199.90 sl=197.05 tp=205.12 adet=17
2026-08-10 07:55:51.211244,THYAO.IS,haber,SunExpress’ten rekor hafta sonu; Üç gün üst üste günlük yolcu sayısı 71 bini aştı! - Para Analiz
2026-08-10 07:55:52.463750,ISCTR.IS,haber,ABD iş verisi şoku Fed beklentilerini sarstı; KOSPI ve Asya piyasaları yükseldi - Invezz
2026-08-10 07:55:54.009497,ASELS.IS,haber,"Aselsan (ASELS) Temettü 2026: Tarihi, Tutarı ve Geçmişi - Rota Borsa | Temettü dağıtacak 55 şirket - Rota Borsa"
2026-08-10 07:55:56.254423,TUPRS.IS,haber,Temettü Verimi En Yüksek 5 Hisse Belli Oldu! - Para Ajansı | Temettü dağıtacak 55 şirket - Rota Borsa
2026-08-10 07:56:01.461304,TKFEN.IS,haber,"Borsada haftanın kazandıranı belli oldu: Bu hisse yüzde 35 yükseldi - CNBC-e | Borsa İstanbul’da haftanın sürprizi! O hisse yüzde 35,28 yükseldi - Antakya Gazetesi"
2026-08-10 07:56:02.405469,ASTOR.IS,haber,"2 şirketten yatırımcıya temettü müjdesi! - borsagundem.com.tr | Enerji Şirketinden Hisse Başına Net 1,8624750 TL Temettü Kararı! - Para Ajansı | Temettü kararını açıklayan 8 şirket - Rota Borsa"
2026-08-10 10:50:52.890163,SISE.IS,haber,Şişecam Temettü Ödemesi Ne Zaman 2026? SISE Temettü Tarihi Ve Net Kâr Payı - Urfanatik
2026-08-10 14:43:53.486530,AKBNK.IS,haber,"ANALİZ- Manşette ikinci çeyrek büyümesi için olumlu, ana eğilimde zayıf görünüm (Akbank) [FNC-NEWS] - Uzmanpara"
2026-08-10 14:43:54.959036,HALKB.IS,haber,Ereğli Demir ve Çelik Fabrikaları T.A.Ş. (EREGL) %415 Kâr Artışı Açıkladı - Para Ajansı
2026-08-10 14:43:57.379442,SASA.IS,haber,"Rönesans Gayrimenkul (RGYAS) temettü kararını açıkladı - Rota Borsa | BIST 100 günün ilk yarısında yüzde 0,71 yükseldi, tekstil öne çıktı - Borsatek"
2026-08-10 14:44:01.175777,SISE.IS,haber,Şişecam Temettü Ödemesi Ne Zaman 2026? SISE Temettü Tarihi Ve Net Kâr Payı - urfanatik.com
2026-08-10 14:44:03.670268,TKFEN.IS,haber,"Borsa İstanbul’da haftanın sürprizi! O hisse yüzde 35,28 yükseldi - antakyagazetesi.com"
2026-08-10 14:44:04.678256,ASTOR.IS,haber,"ASTOR, TEİAŞ ihalesinde 351,1 milyon TL’lik sözleşme imzaladı - Paratic Haber"
2026-08-11 10:16:10.884215,THYAO.IS,haber,"Piyasalarda hareketli gün: Altın geriledi, petrol yükseldi - İş'te Mersin"
2026-08-11 10:16:12.711479,YKBNK.IS,haber,CCOLA'da Kâr Artışı Sonrası Aracı Kurumlar Hedef Fiyatlarını Güncelledi - borsagundem.com.tr
2026-08-11 10:16:14.359799,KCHOL.IS,haber,"BIST 30 Endeksi yüzde 0,06 yükseldi - tireboluhaber.net"
2026-08-11 10:16:15.960331,SASA.IS,haber,"Piyasalarda hareketli gün: Altın geriledi, petrol yükseldi - İş'te Mersin"
2026-08-11 10:16:17.039392,TUPRS.IS,haber,"BIST 30 Endeksi yüzde 0,06 yükseldi - tireboluhaber.net | Piyasalarda hareketli gün: Altın geriledi, petrol yükseldi - İş'te Mersin"
2026-08-11 10:16:18.693485,CCOLA.IS,haber,"CCOLA'da Kâr Artışı Sonrası Aracı Kurumlar Hedef Fiyatlarını Güncelledi - borsagundem.com.tr | CCOLA’da hedef fiyat yükseldi, “AL” tavsiyesi korundu - Paratic Haber | Coca Cola’nın ilk yarı net kârı 13,9 milyar TL’ye yükseldi - Paratic Haber"
2026-08-11 10:16:20.457766,FROTO.IS,haber,"AKP Otomotiv, yeni yatırımıyla üretim kapasitesini 8 kat artıracak - Ekonomim"
2026-08-11 10:16:24.667166,OYAKC.IS,haber,Haftanın temettü ödemesi yapacak hisseleri - Borsamatik
2026-08-11 14:44:54.361958,HALKB.IS,haber,Türkiye Halk Bankası A.Ş. (HALKB) 2. Çeyrek Bilançosunda %40 Kâr Artışı Açıkladı - Para Ajansı
2026-08-11 14:44:57.580009,TUPRS.IS,haber,"BIST 30 Endeksi yüzde 0,06 yükseldi - hibya.com"
2026-08-11 14:44:59.204745,CCOLA.IS,haber,CCOLA'da Beklentiler Aşıldı! Hedef Fiyat Yükseldi - Para Ajansı | Coca-Cola İçecek’in hedef fiyatı neden yükseldi ve performansı nasıl değerlendiriliyor? - İşçi Haber
2026-08-12 07:04:38.145441,AKBNK.IS,haber,"ANALİZ- Manşette ikinci çeyrek büyümesi için olumlu, ana eğilimde zayıf görünüm (Akbank) [FNC-NEWS] - uzmanpara.milliyet.com.tr"
2026-08-12 07:04:40.474912,ASELS.IS,haber,Doğuş Otomotiv (DOAS) yarın yüzde 1500 oranında temettü dağıtacak - Rota Borsa
2026-08-12 07:04:41.306209,KCHOL.IS,haber,"BIST 30 Endeksi yüzde 0,06 yükseldi - urfadabugun.com"
2026-08-12 07:04:42.022367,SAHOL.IS,haber,"CarrefourSA hisseleri ne kadar oldu, yükseldi mi kaç lira oldu? | Son Dakika Haberleri - Yeni Şafak"
2026-08-12 07:04:43.580351,SASA.IS,haber,"BIST 30 Endeksi yüzde 0,06 yükseldi - urfadabugun.com"
2026-08-12 07:04:46.063694,CCOLA.IS,haber,"Analist Raporu: COCA-COLA İçecek: Güçlü bilanço, uluslararası büyüme ve yüzde 43 yükseliş potansiyeli - Para Analiz | CCOLAda Beklentiler Aşıldı! Hedef Fiyat Yükseldi - Para Ajansı"
2026-08-12 07:04:47.893303,FROTO.IS,haber,Yüzde 415 kâr artışı gerçekleşti hisseyi tutan fon sayısı 152'ye indi - Ekonomim
2026-08-12 07:04:50.908917,DOHOL.IS,haber,Doğan Holding bilançosu açıklandı; net kar yükseldi - Foreks.com
2026-08-12 07:23:12.635028,KRDMD.IS,teknik,fiyat=40.24 sl=39.48 tp=41.63 adet=65
2026-08-12 10:43:01.044096,KCHOL.IS,teknik,fiyat=202.10 sl=198.85 tp=208.05 adet=15
2026-08-12 10:43:04.792389,KRDMD.IS,teknik,fiyat=40.52 sl=39.66 tp=42.10 adet=58
2026-08-12 10:43:32.649216,ASTOR.IS,teknik,fiyat=318.00 sl=310.93 tp=330.96 adet=7
2026-08-12 10:43:36.681942,HALKB.IS,haber,Türkiye Halk Bankası A.Ş. (HALKB) 2. Çeyrek Bilançosunda %40 Kâr Artışı Açıkladı - paraajansi.com.tr
2026-08-12 10:43:38.946722,SAHOL.IS,haber,CarrefourSA'da yeni dönem : Hisseler çok hızlı yükseldi! - İşçi Haber | Aydın Grup Devri Sonrası CarrefourSA Hisseleri Yüzde 54 Yükseldi - bolgegundemi.com
2026-08-12 10:43:40.478160,SASA.IS,haber,"BIST 30 Endeksi yüzde 0,06 yükseldi - RHA Ajans"
2026-08-12 10:43:41.633530,TUPRS.IS,haber,"BIST 30 Endeksi yüzde 0,06 yükseldi - urfadabugun.com | BIST 30 Endeksi yüzde 0,06 yükseldi - urfadabugun.com"
2026-08-12 10:43:43.379472,CCOLA.IS,haber,CCOLAda Beklentiler Aşıldı! Hedef Fiyat Yükseldi - paraajansi.com.tr
2026-08-12 14:44:44.231578,THYAO.IS,haber,THY tarihinin en uzun aktarmasız uçuşunu yaptı: 13 bin 800 kilometrelik rekor - Dünya Gazetesi | THY’den tarihi rekor: 16 saat 27 dakikalık kesintisiz uçuş - GZT | BIST 100 Endeksi Yükseldi - sondakika.com
2026-08-12 14:44:47.301577,ASELS.IS,haber,"Borsa İstanbul’da BIST 100 günün ilk yarısında yüzde 1,19 yükseldi - Türkgün"
2026-08-12 14:44:48.827067,EREGL.IS,haber,Demir Çelik Şirketi için Hedef Fiyat Yükseltildi! - Para Ajansı
2026-08-12 14:44:50.625969,TUPRS.IS,haber,"Borsa İstanbul’da BIST 100 günün ilk yarısında yüzde 1,19 yükseldi - Türkgün"
2026-08-12 14:44:57.052649,DOHOL.IS,haber,Doğan Holding'den güçlü bilanço! FAVÖK 7 milyar TL'ye yükseldi - Haber Ege
2026-08-12 14:44:59.399905,ASTOR.IS,haber,BIST 100 Endeksi Yükseldi - sondakika.com
2026-08-13 10:45:14.898368,EREGL.IS,teknik,fiyat=37.40 sl=36.80 tp=38.49 adet=83
2026-08-13 10:45:21.870679,ISCTR.IS,haber,Dünyanın en büyük varlık fonundan rekor kâr - Banka Dünyası
2026-08-13 10:45:23.313700,ASELS.IS,haber,BIST 100 Endeksi Yükseldi - Son Dakika
2026-08-13 10:45:23.935740,KCHOL.IS,haber,"Türkiye'nin vergi rekortmenleri belli oldu! Listenin başında Selçuk Bayraktar var - Uzmanpara | Türkiye'nin vergi rekortmenleri belli oldu - Ekonomim | Türkiye'nin vergi rekortmenleri, en çok vergi ödeyen kim? - Dünya Gazetesi"
2026-08-13 10:45:25.453200,SASA.IS,haber,"Erdemoğlu Holding'in SASA'daki payı yüzde 54,77'ye yükseldi - isindetayi.com | BIST 100 günün ilk yarısında yükseldi - haberler.com | Situational Awareness’ın hisse alımı sonrası Taiyo Yuden hisseleri yükseldi - Investing.com Türkiye"
2026-08-13 10:45:26.334390,TUPRS.IS,haber,Yüzde 415 kâr artışı gerçekleşti hisseyi tutan fon sayısı 152'ye indi - Ekonomim | BIST 100 Endeksi Yükseldi - Son Dakika | 2 şirketin temettü ödemesi hesaplara yattı - Rota Borsa
2026-08-13 10:45:27.746380,CCOLA.IS,haber,"Analist Raporu: COCA-COLA İçecek: Güçlü bilanço, uluslararası büyüme ve yüzde 43 yükseliş potansiyeli - paraanaliz.com | Coca-Cola İçecek A.Ş. (CCOLA) 2. Çeyrek Bilançosunda %64 Kâr Artışı Açıkladı - Para Ajansı"
2026-08-13 10:45:28.369783,AEFES.IS,haber,"BIST 100 endeksi yüzde 2,96 yükseldi - tireboluhaber.net"
2026-08-13 10:45:33.161403,ASTOR.IS,haber,BIST 100 Endeksi Yükseldi - Son Dakika
2026-08-13 14:45:46.430126,ASELS.IS,haber,BIST 100 Endeksi İlk Yarıda Yükseldi - Son Dakika
2026-08-13 14:45:47.268422,KCHOL.IS,haber,Türkiye'nin vergi rekortmenleri belli oldu: Kim ne kadar vergi ödedi? - Dünya Gazetesi | Türkiye'de 2025'in vergi rekortmenleri belli oldu - CNBC-e | 2025 vergi rekortmenleri açıklandı! Zirve yine Bayraktar'ın - turkiyegazetesi.com.tr
2026-08-13 14:45:49.411128,TUPRS.IS,haber,BIST’te bilanço büyümesi fiyata da yansıdı: 13 hissede 3 aylık getiri %20’nin üzerinde haberi - Borsanın Gündemi
2026-08-13 14:45:50.543662,MGROS.IS,haber,"Migros Grubu İcra Başkanı Özgür Tort, yaptığı değerlendirmede; ""Hem fiziki mağazalarımızda hem de online kanallarımızda büyüme stratejimizi kararlılıkla sürdürüyoruz"" - haberturk.com"
2026-08-14 10:38:03.899790,ALARK.IS,teknik,fiyat=103.80 sl=102.09 tp=106.94 adet=29
2026-08-14 10:38:05.266834,THYAO.IS,haber,THY’den tarihi rekor: 16 saat 27 dakikalık kesintisiz uçuş - gzt.com
2026-08-14 10:38:06.515606,ISCTR.IS,haber,"Nam A Bankası: Altı aylık karı %25 arttı, sermaye tamponunu güçlendirdi ve yeni büyüme hedeflerine yöneldi. - Vietnam.vn | Emekli maaş promosyonunda ödemeler yükseldi: Hangi banka ne kadar promosyon veriyor? 32 bin TL detayı - Yeni Şafak"
2026-08-14 10:38:08.402434,KCHOL.IS,haber,Türkiye'nin 2025 yılı vergi rekortmenleri belli oldu - Bloomberght | 2025 Vergi Rekortmenleri Açıklandı: İlk Sırada Selçuk Bayraktar - Ekonomi Ankara | Vergi rekortmenleri açıklandı: Zirvede Selçuk Bayraktar var - Forbes Türkiye
2026-08-14 10:38:09.861127,SASA.IS,haber,"BIST 100 Endeksi İlk Yarıda Yükseldi - Son Dakika | Hydro One hisse başına 0,3531 dolar temettü açıkladı - Investing.com Türkiye"
2026-08-14 10:38:12.139322,AEFES.IS,haber,"Anadolu Grubu büyümesini sürdürdü: Net kâr yüzde 132 arttı - CNBC-e | BIST 100 endeksi 14.110 puana yükseldi - hibya.com | BIST 100 endeksi yüzde 2,96 yükseldi - RHA Ajans"
2026-08-14 10:38:12.893116,TCELL.IS,haber,Borsanın vergi rekortmenleri belli oldu - Borsamatik
2026-08-14 10:38:15.099083,SISE.IS,haber,Şişecam’dan ABD’de büyüme hamlesi: Yeni şirket kuruldu - paratic.com
2026-08-14 10:38:18.146541,ASTOR.IS,haber,"Borsa İstanbul’da BIST 100 günün ilk yarısında yüzde 1,19 yükseldi - Türkgün"
2026-08-14 14:35:03.929101,ISCTR.IS,haber,"Nam A Bankası: Altı aylık karı %25 arttı, sermaye tamponunu güçlendirdi ve yeni büyüme hedeflerine yöneldi. - vietnam.vn"
2026-08-14 14:35:05.573187,ASELS.IS,haber,BIST 100 Endeksi Yükseldi - sondakika.com | BIST 100 Endeksi İlk Yarıda Yükseldi - sondakika.com
2026-08-14 14:35:06.361818,KCHOL.IS,haber,Türkiye'nin vergi rekortmenleri belli oldu! Listenin başında Selçuk Bayraktar var - Uzmanpara | Türkiye'nin vergi rekortmenleri belli oldu - Ekonomim
2026-08-14 14:35:07.142822,SAHOL.IS,haber,Market zincirinden tarihi ralli: Hisse 7 tavan sonrası yüzde 94 yükseldi - CNBC-e
2026-08-14 14:35:08.507768,SASA.IS,haber,BIST 100 Endeksi İlk Yarıda Yükseldi - sondakika.com | Soho Giyim ve Enerji (SOHOE) temettü kararını açıkladı - Rota Borsa
2026-08-14 14:35:09.623163,TUPRS.IS,haber,Hem temettü ödedi hem %40’tan fazla kazandırdı: F/K’sı 15’in altındaki 11 hisse haberi - Borsanın Gündemi | BIST 100 Endeksi Yükseldi - sondakika.com | Özsermaye büyürken hisseler yükseldi: 7 şirkette 3 aylık getiri %34’ü aştı haberi - Borsanın Gündemi
2026-08-14 14:35:11.211550,CCOLA.IS,haber,Hem temettü ödedi hem %40’tan fazla kazandırdı: F/K’sı 15’in altındaki 11 hisse haberi - Borsanın Gündemi
2026-08-14 14:35:14.351943,SISE.IS,haber,Şişecam’dan ABD pazarında büyüme hamlesi - Borsamatik
2026-08-17 09:24:25.839506,TAVHL.IS,teknik,fiyat=279.50 sl=276.23 tp=285.49 adet=15
2026-08-17 09:24:29.507076,ASELS.IS,haber,Temettü dağıtacak 52 şirket - Rota Borsa | PLTUR Temettü Ne Zaman? İlk Ödeme İçin Tarih Geldi - Paranın Yönü
2026-08-17 09:24:30.385387,SAHOL.IS,haber,Şirket hisseleri 7 işlem gününde üst üste tavan yaptı - SuperHaber
2026-08-17 09:24:31.121493,KRDMD.IS,haber,56 fon portföyünde yer açtı iki haftada %133 prim yaptı - Ekonomim
2026-08-17 09:24:31.733623,SASA.IS,haber,Yarın 2 hissede temettü sebebiyle fiyat değişecek - Rota Borsa
2026-08-17 09:24:32.577282,TUPRS.IS,haber,Hem temettü verdi hem de %40 kazandırdı! - haber7.com | Hem temettü verdi hem de %40 kazandırdı: F/K'sı 15'in altındaki 11 hisse belli oldu - haber7.com | Temettü dağıtacak 52 şirket - Rota Borsa
2026-08-17 09:24:34.298528,TCELL.IS,haber,Temettü ödeyen 2 hissenin fiyatında düzeltme - Borsamatik
2026-08-17 09:24:37.053780,ENKAI.IS,haber,"RGYAS, PLTUR, ENKAI... Borsadaki 10 şirketten temettü kararı - CNBC-e | Borsa İstanbul'da temettü sezonu: 9 dev şirketten KAP açıklaması - yatirimx.com.tr | Ağustos 2026 temettü takvimi: 8 şirket ödeme yapacak - Ajans Beşiktaş"
2026-08-17 09:24:39.173338,ASTOR.IS,haber,Temettü dağıtacak 52 şirket - Rota Borsa | PLTUR Temettü Ne Zaman? İlk Ödeme İçin Tarih Geldi - Paranın Yönü
2026-08-17 09:24:39.710760,OYAKC.IS,haber,"Enflasyon yavaşladı, borsalar rekor kırdı - sonhaberler.com"
2026-08-17 11:02:21.387775,EREGL.IS,teknik,fiyat=37.92 sl=37.36 tp=38.94 adet=90
2026-08-17 11:02:23.775525,BIMAS.IS,teknik,fiyat=380.50 sl=376.88 tp=387.13 adet=13
2026-08-17 11:02:35.373688,ASELS.IS,haber,PLTUR Temettü Ne Zaman? İlk Ödeme İçin Tarih Geldi - paraninyonu.com.tr
2026-08-17 11:02:37.069068,KRDMD.IS,haber,"O Şirket 20,8 Milyar TL Hsılat Açıkladı! Hedef Fiyatı Yükseldi - Para Ajansı"
2026-08-17 11:02:38.526497,TUPRS.IS,haber,Hem temettü verdi hem de %40 kazandırdı! - Haber 7 | Hem temettü verdi hem de %40 kazandırdı: F/K'sı 15'in altındaki 11 hisse belli oldu - Haber 7
2026-08-17 11:02:44.081751,ENKAI.IS,haber,Borsa İstanbul Temettü Kararları 2024: RGYAS PLTUR ENKAI Ödemeleri - Haber.com
2026-08-17 11:02:46.197382,TKFEN.IS,haber,56 fon portföyünde yer açtı iki haftada %133 prim yaptı - Ekonomim
2026-08-17 11:02:47.351517,ASTOR.IS,haber,PLTUR Temettü Ne Zaman? İlk Ödeme İçin Tarih Geldi - paraninyonu.com.tr
2026-08-17 11:56:54.250696,BIMAS.IS,teknik,fiyat=380.00 sl=376.54 tp=386.33 adet=13
2026-08-17 11:57:04.894340,ASELS.IS,haber,BIST 30'da FAVÖK'ü artan 14 şirket: 2 hissede büyüme %100'ü aştı! haberi - Borsanın Gündemi
2026-08-17 11:57:05.673504,KCHOL.IS,haber,BIST 30'da FAVÖK'ü artan 14 şirket: 2 hissede büyüme %100'ü aştı! haberi - Borsanın Gündemi
2026-08-17 11:57:07.095717,KRDMD.IS,haber,56 fon portföyünde yer açtı iki haftada %133 prim yaptı - ekonomim.com | BIST 30'da FAVÖK'ü artan 14 şirket: 2 hissede büyüme %100'ü aştı! haberi - Borsanın Gündemi
2026-08-17 11:57:08.019963,SASA.IS,haber,BIST 30'da FAVÖK'ü artan 14 şirket: 2 hissede büyüme %100'ü aştı! haberi - Borsanın Gündemi
2026-08-17 11:57:09.122213,TUPRS.IS,haber,BIST 30'da FAVÖK'ü artan 14 şirket: 2 hissede büyüme %100'ü aştı! haberi - Borsanın Gündemi
2026-08-17 11:57:11.731772,TTKOM.IS,haber,BIST 30'da FAVÖK'ü artan 14 şirket: 2 hissede büyüme %100'ü aştı! haberi - Borsanın Gündemi
2026-08-17 11:57:14.958607,TAVHL.IS,haber,BIST 30'da FAVÖK'ü artan 14 şirket: 2 hissede büyüme %100'ü aştı! haberi - Borsanın Gündemi
2026-08-17 11:57:17.050717,TKFEN.IS,haber,56 fon portföyünde yer açtı iki haftada %133 prim yaptı - ekonomim.com
2026-08-17 11:57:22.060023,KRDMD.IS,analist,Ak Yatırım TAVHL hissesinde hedef fiyatını yükseltti - Borsamatik
2026-08-17 11:57:28.136411,TAVHL.IS,analist,Ak Yatırım TAVHL hissesinde hedef fiyatını yükseltti - Borsamatik
2026-08-17 14:59:26.391492,ASELS.IS,haber,Temettü dağıtacak 52 şirket - rotaborsa.com
2026-08-17 14:59:28.261683,SASA.IS,haber,Yarın 2 hissede temettü sebebiyle fiyat değişecek - rotaborsa.com
2026-08-17 14:59:29.257582,TUPRS.IS,haber,Temettü dağıtacak 52 şirket - rotaborsa.com
2026-08-17 14:59:32.946048,SISE.IS,haber,Doğuş Otomotiv (DOAS) yatırımcılarına temettü duyurusu - rotaborsa.com
2026-08-17 14:59:35.928795,ASTOR.IS,haber,Temettü dağıtacak 52 şirket - rotaborsa.com
2026-08-18 09:03:18.931728,THYAO.IS,haber,"THY, küresel büyüme hedeflerini UK pazarı ve yeni filo yatırımlarıyla öne çıkarıyor - Traders Union"
2026-08-18 09:03:20.449235,YKBNK.IS,haber,Video platformu Higgsfield’e 400 milyon dolar yeni yatırım - Ekonomim
2026-08-18 09:03:21.505622,ASELS.IS,haber,Bir yılda yüzde 2.196 yükseldi! BIST 100'de zirveye çıktı - Borsamatik
2026-08-18 09:03:22.070215,KCHOL.IS,haber,Son 10 Yılda En Az 10 Kez Nakit Temettü Ödeyen Şirketler - borsagundem.com.tr
2026-08-18 09:03:23.745132,PETKM.IS,haber,"Yabancı payı %32,5’e yükseldi kendisi de 47 liradan geri aldı - Ekonomim"
2026-08-18 09:03:24.401309,TUPRS.IS,haber,"Yabancı payı %32,5’e yükseldi kendisi de 47 liradan geri aldı - Ekonomim"
2026-08-18 09:03:25.086410,BIMAS.IS,haber,Son 10 Yılda En Az 10 Kez Nakit Temettü Ödeyen Şirketler - borsagundem.com.tr | BİM’in kârı beklentileri aştı: Hedef fiyat yükseldi - Borsamatik
2026-08-18 09:03:26.638611,TCELL.IS,haber,Bir yılda yüzde 2.196 yükseldi! BIST 100'de zirveye çıktı - Borsamatik
2026-08-18 09:03:27.280000,TTKOM.IS,haber,Bir yılda yüzde 2.196 yükseldi! BIST 100'de zirveye çıktı - Borsamatik
2026-08-18 09:03:28.133994,FROTO.IS,haber,Son 10 Yılda En Az 10 Kez Nakit Temettü Ödeyen Şirketler - borsagundem.com.tr
2026-08-18 09:03:29.361980,SISE.IS,haber,Doğuş Otomotiv (DOAS) yatırımcılarına temettü duyurusu - Rota Borsa
2026-08-18 09:03:30.496432,TAVHL.IS,haber,Milas-Bodrum Havalimanı'nda 2026'nın uçuş rekoru kırıldı - Ekonomim
2026-08-18 09:03:32.483616,ASTOR.IS,haber,"FTSE 100 bugün: Hisse senetleri yükseldi, enerji devleri endişeleri görmezden geldi - Investing.com Türkiye"
2026-08-18 10:04:25.235364,SAHOL.IS,haber,Son 10 Yılda En Az 10 Kez Nakit Temettü Ödeyen Şirketler - borsagundem.com.tr
2026-08-18 10:04:28.001627,CCOLA.IS,haber,PLTUR Temettü Ne Zaman? İlk Ödeme İçin Tarih Geldi - Paranın Yönü
2026-08-18 11:03:30.676916,ASELS.IS,haber,BIST 30'da FAVÖK'ü artan 14 şirket: 2 hissede büyüme %100'ü aştı! haberi - borsaningundemi.com
2026-08-18 11:03:31.286163,KCHOL.IS,haber,BIST 30'da FAVÖK'ü artan 14 şirket: 2 hissede büyüme %100'ü aştı! haberi - borsaningundemi.com
2026-08-18 11:03:32.425580,KRDMD.IS,haber,BIST 30'da FAVÖK'ü artan 14 şirket: 2 hissede büyüme %100'ü aştı! haberi - borsaningundemi.com
2026-08-18 11:03:33.023913,SASA.IS,haber,BIST 30'da FAVÖK'ü artan 14 şirket: 2 hissede büyüme %100'ü aştı! haberi - borsaningundemi.com
2026-08-18 11:03:33.865490,TUPRS.IS,haber,BIST 30'da FAVÖK'ü artan 14 şirket: 2 hissede büyüme %100'ü aştı! haberi - borsaningundemi.com
2026-08-18 11:03:36.204396,TTKOM.IS,haber,BIST 30'da FAVÖK'ü artan 14 şirket: 2 hissede büyüme %100'ü aştı! haberi - borsaningundemi.com
2026-08-18 11:03:39.115605,TAVHL.IS,haber,BIST 30'da FAVÖK'ü artan 14 şirket: 2 hissede büyüme %100'ü aştı! haberi - borsaningundemi.com
2026-08-18 11:03:41.209461,ASTOR.IS,haber,Astor Enerji kâr artışı beklentilerin üzerinde oldu - Dünya Gazetesi
2026-08-18 11:03:47.419531,PGSUS.IS,analist,Ak Yatırım TAVHL hissesinde hedef fiyatını yükseltti - Borsamatik
2026-08-18 12:00:36.004460,ASELS.IS,haber,Bir yılda yüzde 2.196 yükseldi! BIST 100'de zirveye çıktı - borsamatik.com.tr
2026-08-18 12:00:37.895752,KRDMD.IS,haber,Kardemir Çelik halka arz sonrası yüzde 171 yükseldi - Paratic Haber
2026-08-18 12:00:39.780190,BIMAS.IS,haber,BIM’in hisseleri güçlü ikinci çeyrek sonuçlarıyla %6 yükseldi - Investing.com Türkiye | BİM’in kârı beklentileri aştı: Hedef fiyat yükseldi - borsamatik.com.tr
2026-08-18 12:00:41.101815,CCOLA.IS,haber,Son 10 Yılda En Az 10 Kez Nakit Temettü Ödeyen Şirketler - borsagundem.com.tr
2026-08-18 12:00:42.160515,TCELL.IS,haber,Bir yılda yüzde 2.196 yükseldi! BIST 100'de zirveye çıktı - borsamatik.com.tr | Temettü ödeyen 2 hissenin fiyatında düzeltme - borsamatik.com.tr
2026-08-18 12:00:42.859799,TTKOM.IS,haber,Bir yılda yüzde 2.196 yükseldi! BIST 100'de zirveye çıktı - borsamatik.com.tr
2026-08-18 12:00:52.852894,KRDMD.IS,analist,Ak Yatırım TAVHL hissesinde hedef fiyatını yükseltti - borsamatik.com.tr
2026-08-18 12:00:59.852132,TAVHL.IS,analist,Ak Yatırım TAVHL hissesinde hedef fiyatını yükseltti - borsamatik.com.tr
2026-08-18 14:09:25.293680,ASELS.IS,haber,"11 hissede büyüme taraması: Kâr, satış ve faaliyet performansında öne çıkanlar haberi - Borsanın Gündemi"
2026-08-18 14:09:27.103064,KRDMD.IS,haber,"O Şirket 20,8 Milyar TL Hsılat Açıkladı! Hedef Fiyatı Yükseldi - paraajansi.com.tr"
2026-08-18 14:09:28.544370,TUPRS.IS,haber,"11 hissede büyüme taraması: Kâr, satış ve faaliyet performansında öne çıkanlar haberi - Borsanın Gündemi"
2026-08-18 14:09:29.487464,BIMAS.IS,haber,BIM Birleşik Mağazalar hissesi bugün neden yükseldi? - tr.investing.com | Bim bilanço sonrası sert yükseldi: Hissede hedef fiyat değişti - Paratic Haber | BIM’in hisseleri güçlü ikinci çeyrek sonuçlarıyla %6 yükseldi - tr.investing.com
2026-08-18 14:09:30.852140,CCOLA.IS,haber,"11 hissede büyüme taraması: Kâr, satış ve faaliyet performansında öne çıkanlar haberi - Borsanın Gündemi"
2026-08-18 14:09:35.626727,TAVHL.IS,haber,Eylül ayı temettü takvimi belirlendi: 18 şirket nakit temettü ödeyecek - YatırımX
2026-08-18 14:09:38.254053,ASTOR.IS,haber,"11 hissede büyüme taraması: Kâr, satış ve faaliyet performansında öne çıkanlar haberi - Borsanın Gündemi | Astor Enerji kâr artışı beklentilerin üzerinde oldu - dunya.com | FTSE 100 bugün: Hisse senetleri yükseldi, enerji devleri endişeleri görmezden geldi - tr.investing.com"
2026-08-19 09:07:56.894495,ASELS.IS,teknik,fiyat=391.25 sl=384.61 tp=403.43 adet=7
2026-08-19 09:08:03.681304,BRSAN.IS,teknik,fiyat=665.50 sl=652.21 tp=689.86 adet=3
2026-08-19 09:08:05.592100,THYAO.IS,haber,İngiliz basını THY'nin dev büyümesini manşetlerine taşıdı! Tek bir soru sordular - cnbce.com
2026-08-19 09:08:06.497951,GARAN.IS,haber,"Net Karın %147 Yükseldiği KCHOL Hissesi %58,97 Getiri Sunabilir! - Para Ajansı"
2026-08-19 09:08:07.957257,YKBNK.IS,haber,Bir yılda yüzde 2.196 yükseldi! BIST 100'de zirveye çıktı - Borsamatik
2026-08-19 09:08:09.567197,KCHOL.IS,haber,"Net Karın %147 Yükseldiği KCHOL Hissesi %58,97 Getiri Sunabilir! - Para Ajansı"
2026-08-19 09:08:11.760650,TUPRS.IS,haber,Eylül ayı temettü takvimi belirlendi: 18 şirket nakit temettü ödeyecek - YatırımX
2026-08-19 09:08:12.611024,BIMAS.IS,haber,BIM Birleşik Mağazalar hissesi bugün neden yükseldi? - Investing.com Türkiye | BIM Birleşik Mağazalar hissesi neden yüzde 6 yükseldi - Borsatek
2026-08-19 09:08:16.959816,TAVHL.IS,haber,Eylül ayı temettü takvimi belli oldu: 18 şirket ödeme yapacak - Yeni Şafak
2026-08-19 09:08:18.473346,ALARK.IS,haber,Son 10 Yılda En Az 10 Kez Nakit Temettü Ödeyen Şirketler - borsagundem.com.tr
2026-08-19 11:01:14.713525,ASELS.IS,teknik,fiyat=393.25 sl=386.69 tp=405.28 adet=7
2026-08-19 11:01:20.036614,TAVHL.IS,teknik,fiyat=280.00 sl=276.41 tp=286.58 adet=13
2026-08-19 11:01:21.727156,BRSAN.IS,teknik,fiyat=660.50 sl=647.05 tp=685.15 adet=3
2026-08-19 11:01:23.012876,THYAO.IS,haber,"Piyasalarda gün ortası: Borsa, altın ve dolar yükseldi - ekotürk"
2026-08-19 11:01:25.559089,ASELS.IS,haber,"Piyasalarda gün ortası: Borsa, altın ve dolar yükseldi - ekotürk"
2026-08-19 11:58:54.413432,ASELS.IS,teknik,fiyat=392.50 sl=386.23 tp=403.99 adet=7
2026-08-19 11:59:01.473208,TAVHL.IS,teknik,fiyat=278.50 sl=275.10 tp=284.74 adet=14
2026-08-19 11:59:03.072177,BRSAN.IS,teknik,fiyat=658.50 sl=645.91 tp=681.58 adet=3
2026-08-19 11:59:04.308420,THYAO.IS,haber,"THY, küresel büyüme hedeflerini UK pazarı ve yeni filo yatırımlarıyla öne çıkarıyor - tradersunion.com"
2026-08-19 11:59:07.578318,KRDMD.IS,haber,Kardemir Çelik halka arz sonrası yüzde 171 yükseldi - paratic.com
2026-08-19 11:59:09.062753,BIMAS.IS,haber,Bim bilanço sonrası sert yükseldi: Hissede hedef fiyat değişti - paratic.com
2026-08-19 11:59:09.936536,ULKER.IS,haber,Ülker hissesi neden yükseldi ikinci çeyrek kârı - Borsatek
2026-08-19 11:59:13.335970,ENKAI.IS,haber,Enka İnşaat ve Sanayi A.Ş. (ENKAI) %19 Kâr Artışı Açıkladı - Para Ajansı
2026-08-20 09:07:50.973419,THYAO.IS,haber,"Piyasalarda gün sonu: BIST 100 yüzde 2,34 yükseldi, altın değer kazandı - ekotürk"
2026-08-20 09:07:51.631332,GARAN.IS,haber,Net Karın %51 Yükseldiği Banka Hissesi İçin 12 Yeni Hedef Fiyat! - Para Ajansı
2026-08-20 09:07:52.635822,ISCTR.IS,haber,Net Karın %51 Yükseldiği Banka Hissesi İçin 12 Yeni Hedef Fiyat! - Para Ajansı
2026-08-20 09:07:53.361144,YKBNK.IS,haber,Net Karın %51 Yükseldiği Banka Hissesi İçin 12 Yeni Hedef Fiyat! - Para Ajansı
2026-08-20 09:07:54.318099,VAKBN.IS,haber,Net Karın %51 Yükseldiği Banka Hissesi İçin 12 Yeni Hedef Fiyat! - Para Ajansı
2026-08-20 09:07:55.305636,KCHOL.IS,haber,Borsa İstanbul'un Temettü Şampiyonu Hisse Senetleri Belli Oldu! - Para Ajansı
2026-08-20 09:07:55.909092,SAHOL.IS,haber,Borsa İstanbul'un Temettü Şampiyonu Hisse Senetleri Belli Oldu! - Para Ajansı
2026-08-20 09:07:56.804623,KRDMD.IS,haber,Halka arz sonrası 14 işlem gününde yüzde 200 yükseldi! - Borsamatik
2026-08-20 09:07:58.952661,TUPRS.IS,haber,Borsa İstanbul'un Temettü Şampiyonu Hisse Senetleri Belli Oldu! - Para Ajansı
2026-08-20 09:07:59.623920,BIMAS.IS,haber,Borsa İstanbul'un Temettü Şampiyonu Hisse Senetleri Belli Oldu! - Para Ajansı | Halka arz sonrası 14 işlem gününde yüzde 200 yükseldi! - Borsamatik
2026-08-20 09:08:00.501969,ULKER.IS,haber,Ülker Bisküvi hissesi ikinci çeyrek kâr rakamlarıyla yüzde 6.7 yükseldi - Borsatek
2026-08-20 09:08:01.077443,CCOLA.IS,haber,Borsa İstanbul'un Temettü Şampiyonu Hisse Senetleri Belli Oldu! - Para Ajansı
2026-08-20 09:08:02.782138,FROTO.IS,haber,Borsa İstanbul'un Temettü Şampiyonu Hisse Senetleri Belli Oldu! - Para Ajansı
2026-08-20 09:08:03.496271,TOASO.IS,haber,Borsa İstanbul'un Temettü Şampiyonu Hisse Senetleri Belli Oldu! - Para Ajansı
2026-08-20 09:08:05.345991,ENKAI.IS,haber,"11 hissede büyüme taraması: Kâr, satış ve faaliyet performansında öne çıkanlar haberi - Borsanın Gündemi"
2026-08-20 09:08:06.445144,EKGYO.IS,haber,ABD Hazinesi Piyasaları Harekete Geçirdi: Altın ve Bitcoin Aynı Anda Yükseldi! - Para Ajansı
2026-08-20 09:08:07.252735,ALARK.IS,haber,Alarko Holding (ALARK) temettü kararını açıkladı - Rota Borsa
2026-08-20 09:08:08.416256,ASTOR.IS,haber,"Piyasalarda gün sonu: BIST 100 yüzde 2,34 yükseldi, altın değer kazandı - ekotürk"
2026-08-20 11:04:18.690939,ISCTR.IS,haber,Borsa İstanbul'da şirketler yeni anlaşmalar ve yatırımlarla büyüme stratejilerini açıkladı - Gerçek Haberci
2026-08-20 12:02:29.235948,PETKM.IS,haber,Halka arz sonrası 14 işlem gününde yüzde 200 yükseldi! - Borsamatik
2026-08-20 12:02:36.030566,ASTOR.IS,haber,"FTSE 100 bugün: Hisseler energy devlerinin desteğiyle yükseldi - Investing.com Türkiye | Piyasalarda gün ortası: Borsa, altın ve dolar yükseldi - ekotürk"
2026-08-20 14:19:25.998437,ASTOR.IS,teknik,fiyat=329.25 sl=321.67 tp=343.15 adet=6
2026-08-20 14:19:28.014579,ISCTR.IS,haber,"İş Bankası, ICBC Grubu'ndan 3 Yıl 7 Gün Vadeli Olmak Üzere $200 Mln kredi sağlanması amacıyla anlaşma imzaladı-KAP - TradingView | Halyk Bank hisse başına 28,09 KZT temettü dağıtacak - Investing.com Türkiye"
2026-08-21 09:10:30.144420,CCOLA.IS,teknik,fiyat=82.85 sl=81.96 tp=84.49 adet=55
2026-08-21 09:10:42.394753,SAHOL.IS,haber,BIST 100'ün temettü şampiyonları açıklandı: Zirvede tek şirket var - Yeni Bakış Gazetesi İzmir
2026-08-21 09:10:44.166974,PETKM.IS,haber,Tüketici güveni ağustosta yükseldi - Borsamatik | Carry trade işlemlerinde yeni rekor - Borsamatik
2026-08-21 09:10:45.301455,BIMAS.IS,haber,Bim Birleşik Mağazalar A.Ş. (BIMAS) %103 Kâr Artışı Açıkladı - Para Ajansı | Tüketici güveni ağustosta yükseldi - Borsamatik | Carry trade işlemlerinde yeni rekor - Borsamatik
2026-08-21 09:10:46.627070,CCOLA.IS,haber,BIST 100'ün temettü şampiyonları açıklandı: Zirvede tek şirket var - Yeni Bakış Gazetesi İzmir
2026-08-21 09:10:48.430491,FROTO.IS,haber,BIST 100'ün temettü şampiyonları açıklandı: Zirvede tek şirket var - Yeni Bakış Gazetesi İzmir
2026-08-21 09:10:53.172552,ASTOR.IS,haber,ASTOR ENERJİ CFO'SU OLCAY DOĞAN: 2027 DAHA FAZLA CİRO ARTIŞI VE BÜYÜME GÖSTERECEĞİMİZ BİR YIL OLACAK - CNBC-E [FNC-NEWS] - Uzmanpara
2026-08-21 11:03:14.787244,KRDMD.IS,teknik,fiyat=44.94 sl=44.11 tp=46.46 adet=60
2026-08-21 11:03:16.494446,CCOLA.IS,teknik,fiyat=83.35 sl=82.42 tp=85.06 adet=53
2026-08-21 11:03:22.637733,AKBNK.IS,haber,"BIST 100 yüzde 0,64 artışla 14.488 puana yükseldi - Haberler"
2026-08-21 11:03:28.900274,TOASO.IS,haber,"F/K’sı 15’in altında, temettüsü %3’ün üzerinde 36 hisse haberi - Borsanın Gündemi"
2026-08-21 11:03:32.499708,ASTOR.IS,haber,"BIST 100 yüzde 0,64 artışla 14.488 puana yükseldi - Haberler"
2026-08-21 12:02:45.959031,CCOLA.IS,teknik,fiyat=83.15 sl=82.30 tp=84.71 adet=58
2026-08-21 12:02:49.514838,TAVHL.IS,teknik,fiyat=278.50 sl=275.53 tp=283.95 adet=16
2026-08-21 14:08:33.107794,TAVHL.IS,teknik,fiyat=279.50 sl=276.42 tp=285.15 adet=16
2026-08-21 14:08:37.045647,ISCTR.IS,haber,Tüketici güveni ağustosta yükseldi - Borsamatik
2026-08-24 09:32:05.101673,ASELS.IS,haber,ASELSAN’dan deniz savunmasına 60 milyon Euro'luk yeni yatırım: 3 tesis ve 2 test cihazı geliyor - Dünya Gazetesi | ASELSAN’dan rekor sipariş ve deniz teknolojilerine dev yatırım - Daily Ummah
2026-08-24 09:32:06.851987,SASA.IS,haber,Temettü sebebiyle hisse fiyatlarında ne gibi değişiklikler oluyor? - İşçi Haber
2026-08-24 09:32:08.122064,BIMAS.IS,haber,Bu hafta temettü verecek hisseler - Borsamatik | AHGAZ’da temettü sonrası teorik fiyat belli oldu - Borsamatik
2026-08-24 09:32:13.214635,ALARK.IS,haber,Borsa İstanbul’da 7 Şirketten Temettü Kararı: Dağıtım Yok - Topuz Gazetesi | Borsada Haftanın Temettü Kararları - borsagundem.com.tr | Temettü kararını açıklayan 7 şirket - Rota Borsa
2026-08-24 09:32:14.293053,ASTOR.IS,haber,Temettü dağıtacak 51 şirket - Rota Borsa
2026-08-24 11:15:26.191574,THYAO.IS,haber,"Piyasalarda gün ortası: Altın yükseldi, borsa artıda, dolarda son durum - ekotürk"
2026-08-24 11:15:29.274208,YKBNK.IS,haber,"Piyasalarda gün ortası: Altın yükseldi, borsa artıda, dolarda son durum - ekotürk"
2026-08-24 11:15:34.286673,SASA.IS,haber,2027 Temettü Tablosu: 12 Şirket İçin Kar Payı Şampiyonları Beklentisi! - Para Ajansı
2026-08-24 11:15:35.838117,TUPRS.IS,haber,2027 Temettü Tablosu: 12 Şirket İçin Kar Payı Şampiyonları Beklentisi! - Para Ajansı
2026-08-24 11:15:39.497374,TCELL.IS,haber,2027 Temettü Tablosu: 12 Şirket İçin Kar Payı Şampiyonları Beklentisi! - Para Ajansı
2026-08-24 11:15:42.115900,TOASO.IS,haber,2027 Temettü Tablosu: 12 Şirket İçin Kar Payı Şampiyonları Beklentisi! - Para Ajansı
2026-08-24 11:15:45.441521,ENKAI.IS,haber,2027 Temettü Tablosu: 12 Şirket İçin Kar Payı Şampiyonları Beklentisi! - Para Ajansı
2026-08-24 14:27:13.173487,ISCTR.IS,haber,Fed Araştırdı: Bitcoin Yükseldikçe Yatırımcı İlgisi Artıyor - Paranın Yönü
2026-08-24 14:27:24.535219,ASTOR.IS,haber,"Piyasalarda gün ortası: Altın yükseldi, borsa artıda, dolarda son durum - ekotürk | Fed Araştırdı: Bitcoin Yükseldikçe Yatırımcı İlgisi Artıyor - Paranın Yönü"
2026-08-25 09:10:44.656488,AKBNK.IS,haber,O Banka Hissesinde Hacim %35 Yükseldi - Borsametre
2026-08-25 09:10:46.449401,ASELS.IS,haber,Aselsan (ASELS) 2027 temettü tahmini - Rota Borsa
2026-08-25 09:10:48.545161,TUPRS.IS,haber,Aselsan (ASELS) 2027 temettü tahmini - Rota Borsa | Eylül 2026 temettü takvimi açıklandı! En yüksek kâr payını hangi şirket verecek? - Ortadoğu Gazetesi
2026-08-25 09:10:49.224648,BIMAS.IS,haber,"Reel sektörün döviz açığı 205,8 milyar dolara yükseldi - Borsamatik | Eylül 2026 temettü takvimi açıklandı! En yüksek kâr payını hangi şirket verecek? - Ortadoğu Gazetesi"
2026-08-25 09:10:51.597453,TOASO.IS,haber,Sosyal medyadaki drift görüntüleri ele verdi! Tofaş sürücüsüne rekor ceza Video Haberi - Türkiye Gazetesi
2026-08-25 09:10:53.421224,TAVHL.IS,haber,Yatırımcıların beklediği liste açıklandı: Eylülde en yüksek temettüyü o şirket verecek - Yeni Şafak | Eylül 2026 temettü takvimi açıklandı! En yüksek kâr payını hangi şirket verecek? - Ortadoğu Gazetesi
2026-08-25 11:13:22.013470,TAVHL.IS,teknik,fiyat=280.00 sl=275.71 tp=287.86 adet=11
2026-08-25 11:13:25.133912,AKBNK.IS,haber,Temettü 25’te satışlar hızlandı Borusan Yatırım’da artış %108 haberi - Borsanın Gündemi
2026-08-25 11:13:25.867013,ISCTR.IS,haber,Temettü 25’te satışlar hızlandı Borusan Yatırım’da artış %108 haberi - Borsanın Gündemi
2026-08-25 14:29:45.918255,ISCTR.IS,haber,Temettü hisselerinde satış büyümesi dikkat çekti - Borsamatik
2026-08-26 09:25:00.868007,KRDMD.IS,teknik,fiyat=45.74 sl=44.93 tp=47.23 adet=61
2026-08-26 09:25:06.180198,ALARK.IS,teknik,fiyat=108.40 sl=106.45 tp=111.98 adet=25
2026-08-26 11:47:58.901648,TKFEN.IS,teknik,fiyat=220.80 sl=214.84 tp=231.72 adet=8
2026-08-26 11:48:01.960391,ISCTR.IS,haber,Bitcoin mayıstan bu yana ilk kez 80 bin doların üzerine yükseldi - Banka Dünyası | 2026 Temettü Takvimi – Temettü Verecek Hisseler - Rota Borsa
2026-08-26 11:48:03.105239,HALKB.IS,haber,Halkbank hisseleri ABD davası sonrası yükseldi - Ege Alternatif
2026-08-26 11:48:04.634436,KCHOL.IS,haber,"Truist, güçlü büyüme nedeniyle Global-E Online hisse hedefini yükseltti - Investing.com Türkiye"
2026-08-26 11:48:06.285744,SASA.IS,haber,"Truist, güçlü büyüme nedeniyle Global-E Online hisse hedefini yükseltti - Investing.com Türkiye"
2026-08-26 11:48:07.385293,TUPRS.IS,haber,"Truist, güçlü büyüme nedeniyle Global-E Online hisse hedefini yükseltti - Investing.com Türkiye | 2026 Temettü Takvimi – Temettü Verecek Hisseler - Rota Borsa"
2026-08-26 11:48:12.672376,ENKAI.IS,haber,2026 Temettü Takvimi – Temettü Verecek Hisseler - Rota Borsa
2026-08-26 11:48:13.422262,TAVHL.IS,haber,2026 Temettü Takvimi – Temettü Verecek Hisseler - Rota Borsa
2026-08-26 11:48:15.175606,ALARK.IS,haber,Borsa İstanbul'da 7 Şirketten Temettü Dağıtımı Yapılmayacak Kararı - Haber TR
2026-08-26 14:29:19.675067,TUPRS.IS,haber,Kâr büyürken fiyat da yükseldi! 6 hissede bilanço ve getiri aynı yönde haberi - Borsanın Gündemi
2026-08-26 14:29:25.496992,GUBRF.IS,haber,Kâr büyürken fiyat da yükseldi! 6 hissede bilanço ve getiri aynı yönde haberi - Borsanın Gündemi
2026-08-26 14:29:26.987027,ASTOR.IS,haber,Kâr büyürken fiyat da yükseldi! 6 hissede bilanço ve getiri aynı yönde haberi - Borsanın Gündemi
2026-08-27 13:12:51.276316,ASELS.IS,teknik,fiyat=405.25 sl=399.65 tp=415.51 adet=8
2026-08-27 13:13:02.414403,BRSAN.IS,teknik,fiyat=725.00 sl=713.70 tp=745.72 adet=4
2026-08-27 13:13:04.382511,GARAN.IS,haber,"Garanti BBVA Emeklilik’ten BES ve hayat sigortasında sektörün üzerinde büyüme - ParaMedya | Garanti BBVA Emeklilik'ten 2026’nın İlk Yarısında da Güçlü Büyüme Performansı - Haber Ege | Garanti BBVA Emeklilik'ten ilk yarıda rekor büyüme: Fonlar 374,8 milyar TL'ye ulaştı - Eskişehir Durum"
2026-08-27 13:13:05.644030,ISCTR.IS,haber,"BIST 100 Endeksi Yükseldi - Son Dakika | Banka Dışı Finans Sektöründe Rekor Büyüme: Tasarruf Finansmanda Müşteri Sayısı 1,5 Milyonu Aştı! - Banka Dünyası"
2026-08-27 13:13:06.836988,HALKB.IS,haber,"Halkbank Hisseleri 1,1 Milyar Dolarlık Kaynakla Yükseldi - Paranın Yönü"
2026-08-27 13:13:10.554259,TUPRS.IS,haber,BIST 100 Endeksi Yükseldi - Son Dakika
2026-08-27 13:13:16.855429,EKGYO.IS,haber,"[Son Dakika] Emlak Konut GYO, 7,789 milyar TL’lik sözleşme imzaladı - Investing.com Türkiye | Emlak Konut, İstanbul'daki arsa satışı karşılığı gelir paylaşımı işi için sözleşme imzaladı, şirketin toplam gelirden payı 2.7 milyar TL oldu-KAP - TradingView"
2026-08-31 07:13:51.198367,EKGYO.IS,teknik,fiyat=20.70 sl=20.46 tp=21.14 adet=210
2026-08-31 07:13:53.617342,ASTOR.IS,teknik,fiyat=350.00 sl=344.05 tp=360.90 adet=8
2026-08-31 07:13:55.134054,GARAN.IS,haber,"BIST 100 endeksi bankacılık öncülüğünde yükseldi - Doviz.com | Haftalık piyasa özeti: BIST 100'den yükseliş, altından yeni rekor geldi! O hisse senedi yüzde 34 arttı... - Cumhuriyet | Tüpraş (TUPRS) 2027 temettü tahmini - Rota Borsa"
2026-08-31 07:13:56.754012,HALKB.IS,haber,"Borsa ve Altın Yükseldi, Halkbank Pik Yaptı - Haberler | BIST 100 endeksi bankacılık öncülüğünde yükseldi - Doviz.com"
2026-08-31 07:13:57.806663,ASELS.IS,haber,BIST 100 endeksi bankacılık öncülüğünde yükseldi - Doviz.com | Yarın bir hissede temettü sebebiyle fiyat değişecek - Rota Borsa
2026-08-31 07:14:00.249261,TUPRS.IS,haber,BIST 100 endeksi bankacılık öncülüğünde yükseldi - Doviz.com | Tüpraş (TUPRS) 2027 temettü tahmini - Rota Borsa | Temettü dağıtacak 48 şirket - Rota Borsa
2026-08-31 07:14:00.967726,BIMAS.IS,haber,Temettü dağıtacak 48 şirket - Rota Borsa
2026-08-31 07:14:06.765467,TKFEN.IS,haber,Bu hafta 4 şirket temettü gündemi ile toplanacak - Rota Borsa
2026-08-31 07:14:07.685301,ASTOR.IS,haber,Yarın bir şirket yatırımcılarına temettü dağıtacak - Rota Borsa | Temettü dağıtacak 48 şirket - Rota Borsa
2026-08-31 08:13:48.280564,HALKB.IS,haber,"Haftalık piyasa özeti: BIST 100'den yükseliş, altından yeni rekor geldi! O hisse senedi yüzde 34 arttı... - Cumhuriyet"
2026-08-31 09:13:51.796773,KCHOL.IS,teknik,fiyat=216.30 sl=214.06 tp=220.41 adet=22
2026-08-31 09:14:14.298730,ASTOR.IS,haber,Astor Enerji (ASTOR) 2027 temettü tahmini - Rota Borsa
2026-08-31 10:13:58.872489,KCHOL.IS,teknik,fiyat=216.10 sl=213.90 tp=220.13 adet=22
2026-08-31 10:13:59.776351,SAHOL.IS,teknik,fiyat=94.80 sl=93.85 tp=96.55 adet=52
2026-08-31 11:13:42.369604,KCHOL.IS,teknik,fiyat=216.00 sl=213.72 tp=220.18 adet=21
2026-08-31 13:14:07.684952,KCHOL.IS,haber,O şirkette Esas Faaliyet Kâr büyümesi yüzde 214’e ulaştı: Hem büyüyen hem temettü veren 7 şirket - Borsanın Gündemi
2026-08-31 13:14:10.217176,TUPRS.IS,haber,O şirkette Esas Faaliyet Kâr büyümesi yüzde 214’e ulaştı: Hem büyüyen hem temettü veren 7 şirket - Borsanın Gündemi
2026-08-31 13:14:11.922288,CCOLA.IS,haber,O şirkette Esas Faaliyet Kâr büyümesi yüzde 214’e ulaştı: Hem büyüyen hem temettü veren 7 şirket - Borsanın Gündemi
2026-08-31 13:14:17.154182,DOHOL.IS,haber,O şirkette Esas Faaliyet Kâr büyümesi yüzde 214’e ulaştı: Hem büyüyen hem temettü veren 7 şirket - Borsanın Gündemi
2026-09-01 07:21:15.706564,KCHOL.IS,teknik,fiyat=217.80 sl=215.41 tp=222.18 adet=20
2026-09-01 07:21:23.782591,GARAN.IS,haber,"Garanti BBVA yıl sonu büyüme tahminini değiştirmedi - Paratic Haber | BBVA, Türkiye 2026 büyüme tahminini açıkladı - Borsamatik"
2026-09-01 07:21:27.789199,TUPRS.IS,haber,Borsa İstanbul'da Eylül ayı temettü takvimi - Borsamatik
2026-09-01 07:21:28.426879,BIMAS.IS,haber,Borsa İstanbul'da Eylül ayı temettü takvimi - Borsamatik
2026-09-01 07:21:34.409241,ASTOR.IS,haber,"Astor Enerji (ASTOR) hisselerinde yeni rekor - Rota Borsa | Astor Enerji, Ukrayna’ya güç transformatörü tedariki için 97,9 milyon dolarlık sözleşme imzaladı - Borsatek"
2026-09-01 13:28:13.925638,AKBNK.IS,haber,"BIST 100 günün ilk yarısını yatay seyirle 14.340,23 puanda tamamladı, teknoloji endeksi yükseldi - Son Dakika"
2026-09-01 13:28:16.239835,ASELS.IS,haber,"BIST 100 günün ilk yarısını yatay seyirle 14.340,23 puanda tamamladı, teknoloji endeksi yükseldi - Son Dakika"
2026-09-01 13:28:17.195727,KCHOL.IS,haber,"BIST 100 günün ilk yarısını yatay seyirle 14.340,23 puanda tamamladı, teknoloji endeksi yükseldi - Son Dakika"
2026-09-01 13:28:19.458743,TUPRS.IS,haber,"BIST 100 günün ilk yarısını yatay seyirle 14.340,23 puanda tamamladı, teknoloji endeksi yükseldi - Son Dakika"
2026-09-01 13:28:20.342978,BIMAS.IS,haber,"Yatırımcılar 2026nın Geri Kalanında Net 44,74 TL Temettü Alabilir! - Para Ajansı"
2026-09-01 13:28:22.190374,AEFES.IS,haber,"Yatırımcılar 2026nın Geri Kalanında Net 44,74 TL Temettü Alabilir! - Para Ajansı"
2026-09-01 13:28:27.009964,TAVHL.IS,haber,"Yatırımcılar 2026nın Geri Kalanında Net 44,74 TL Temettü Alabilir! - Para Ajansı | Borsa İstanbul'da Eylül ayı temettü takvimi - Borsamatik"
2026-09-01 13:28:29.725116,ASTOR.IS,haber,"BIST 100 günün ilk yarısını yatay seyirle 14.340,23 puanda tamamladı, teknoloji endeksi yükseldi - Son Dakika | Yatırımcılar 2026nın Geri Kalanında Net 44,74 TL Temettü Alabilir! - Para Ajansı"
2026-09-02 12:04:52.807876,TUPRS.IS,haber,TÜPRAŞ ‘rekor’ kâra koşuyor - Evrensel.net | Eylülde temettü yağmuru! 18 şirket yatırımcısına nakit dağıtacak haberi - Borsanın Gündemi | Tüpraş ve BİM ile birlikte 18 şirket temettü dağıtmaya hazırlanıyor - Rota Borsa
2026-09-02 12:04:53.503182,BIMAS.IS,haber,Eylülde temettü yağmuru! 18 şirket yatırımcısına nakit dağıtacak haberi - Borsanın Gündemi | Tüpraş ve BİM ile birlikte 18 şirket temettü dağıtmaya hazırlanıyor - Rota Borsa
2026-09-02 12:04:56.980075,SISE.IS,haber,"HSBC'den Şişecam analizi: Hedef fiyat yükseldi, tavsiye değişmedi - YatırımX"
2026-09-02 12:04:58.205166,TAVHL.IS,haber,"Yatırımcılar 2026'nın Geri Kalanında Net 44,74 TL Temettü Alabilir! - Para Ajansı | Tüpraş ve BİM ile birlikte 18 şirket temettü dağıtmaya hazırlanıyor - Rota Borsa"
2026-09-02 12:05:00.329163,ASTOR.IS,haber,"Astor Enerji, TEİAŞ ile 351 milyon TL'lik sözleşme imzaladı - Ekonomim"
2026-09-03 12:04:03.279325,AKBNK.IS,teknik,fiyat=72.00 sl=70.71 tp=74.36 adet=38
2026-09-03 12:04:04.964312,KCHOL.IS,teknik,fiyat=214.50 sl=211.26 tp=220.43 adet=15
2026-09-03 12:04:12.169100,KCHOL.IS,haber,TÜPRAŞ ‘rekor’ kâra koşuyor - evrensel.net
2026-09-03 12:04:13.803427,PETKM.IS,haber,Marbaş Menkul’den PETKM Değerlendirmesi! Etilen-Nafta Makası 143 Dolara Yükseldi! - Para Ajansı
2026-09-03 12:04:14.651589,TUPRS.IS,haber,TÜPRAŞ ‘rekor’ kâra koşuyor - evrensel.net | Eylül ayında temettü yağmuru! Borsa İstanbul'da 18 şirket yatırımcısına ödeme yapacak - CNBC-e
2026-09-03 12:04:15.424325,BIMAS.IS,haber,Eylül ayında temettü yağmuru! Borsa İstanbul'da 18 şirket yatırımcısına ödeme yapacak - CNBC-e
2026-09-03 12:04:20.051668,GUBRF.IS,haber,"Gübre Fabrikaları’ndan 1,5 milyar TL’lik temettü teklifi - Paratic Haber | Temettü kararını açıklayan şirketler - borsagundem.com.tr | Gübretaş (GUBRF) temettü kararını açıkladı - Rota Borsa"
2026-09-04 12:06:00.078755,BRSAN.IS,teknik,fiyat=699.50 sl=689.38 tp=718.06 adet=4
2026-09-04 12:06:01.708964,THYAO.IS,haber,"BIST 100 günü düşüşle kapattı, altın yüzde 3,3 yükseldi - Manşet Haber | Bir hissede temettü sebebiyle fiyatlar değişiyor - İşçi Haber"
2026-09-04 12:06:02.882446,AKBNK.IS,haber,"Borsada temettü yağmuru başlıyor! Dev şirketler tarih verdi: Ford, Tüpraş ve Akbank ne kadar ödeyecek? - GZT"
2026-09-04 12:06:04.454681,HALKB.IS,haber,Halkbank yeni büyüme hikayesini yatırımcılara anlattı - foreks.com | Temettü ödemesi yapan 1 hissenin fiyatı değişti - Borsamatik
2026-09-04 12:06:05.479245,ASELS.IS,haber,BIST 100’de 11 şirket büyümeyi fiyatına taşıdı: Getiri yüzde 794’e ulaştı haberi - Borsanın Gündemi
2026-09-04 12:06:06.345237,KCHOL.IS,haber,"Borsada temettü yağmuru başlıyor! Dev şirketler tarih verdi: Ford, Tüpraş ve Akbank ne kadar ödeyecek? - GZT"
2026-09-04 12:06:08.436917,TUPRS.IS,haber,"Borsada temettü yağmuru başlıyor! Dev şirketler tarih verdi: Ford, Tüpraş ve Akbank ne kadar ödeyecek? - GZT | BIST 100’de 11 şirket büyümeyi fiyatına taşıdı: Getiri yüzde 794’e ulaştı haberi - Borsanın Gündemi | Borsa İstanbul'da düşüş, altın geriledi ve petrol yükseldi - Ege Alternatif"
2026-09-04 12:06:10.941245,TTKOM.IS,haber,Elliott’ın T-Mobile baskısıyla Deutsche Telekom hisseleri yükseldi - Investing.com Türkiye
2026-09-04 12:06:11.943098,FROTO.IS,haber,"Borsada temettü yağmuru başlıyor! Dev şirketler tarih verdi: Ford, Tüpraş ve Akbank ne kadar ödeyecek? - GZT | Otomobil Pazarı Ağustos'ta %20 Küçüldü, Elektrikli-Hibrit Payı Rekor %51,9'a Çıktı - HaberGo"
2026-09-04 12:06:12.718503,TOASO.IS,haber,"Borsada temettü yağmuru başlıyor! Dev şirketler tarih verdi: Ford, Tüpraş ve Akbank ne kadar ödeyecek? - GZT"
2026-09-04 12:06:14.983270,TAVHL.IS,haber,2026 Eylül Temettü takvimi belli oldu: Hangi şirket ne kadar temettü dağıtacak? İşte tarihler ve ödeme tutarları - Yeni Şafak
2026-09-04 12:06:16.795022,GUBRF.IS,haber,"Gübre Fabrikaları, 1,5 milyar TL temettü dağıtımı teklif etti - Investing.com Türkiye | Gübre Fabrikaları’nın temettü teklifi 30 Eylül’de genel kurulda oylanacak - borsagundem.com.tr | Gübre Fabrikaları'ndan yatırımcısına 1,5 milyar liralık temettü müjdesi - Ekonomi Manşet"
2026-09-04 12:06:17.777604,TKFEN.IS,haber,Temettü kararını açıklayan şirketler - borsagundem.com.tr | KAP *** ZİRAAT PORTFÖY BIST TEMETTÜ 25 ENDEKSİ HİSSE SENEDİ YOĞUN BORSA YATIRIM FONU *** ZPY *** Portföy Dağılım Raporu - GZT | Tekfen Holding (TKFEN) temettü kararını açıkladı - Rota Borsa
2026-09-04 12:06:18.805843,ASTOR.IS,haber,BIST 100’de 11 şirket büyümeyi fiyatına taşıdı: Getiri yüzde 794’e ulaştı haberi - Borsanın Gündemi
2026-09-07 13:28:10.992264,GARAN.IS,teknik,fiyat=132.40 sl=130.84 tp=135.27 adet=31
2026-09-07 13:28:11.949677,YKBNK.IS,teknik,fiyat=36.28 sl=35.87 tp=37.02 adet=123
2026-09-07 13:28:14.213529,TUPRS.IS,teknik,fiyat=396.00 sl=389.84 tp=407.29 adet=8
2026-09-07 13:28:22.653841,KCHOL.IS,haber,10 yıldır temettüden vazgeçmeyen 17 BIST şirketi - yatirimx.com.tr
2026-09-07 13:28:23.263113,SAHOL.IS,haber,10 yıldır temettüden vazgeçmeyen 17 BIST şirketi - yatirimx.com.tr
2026-09-07 13:28:25.073324,TUPRS.IS,haber,"19 şirkette üçlü filtre: 6 aylık getiri yüzde 75, temettü yüzde 11 haberi - Borsanın Gündemi | Bu hafta 2 şirket yatırımcılarına temettü dağıtacak - Rota Borsa | Temettü dağıtacak 46 şirket - Rota Borsa"
2026-09-07 13:28:25.679462,BIMAS.IS,haber,Eylül 2026 temettü takvimi: Hangi şirket ne kadar temettü ödeyecek? - Niğde Anadolu Haber | Borsa şirketlerinin Eylül ayı temettü ödeme tarihleri belli oldu - ajansflash.com | 10 yıldır temettüden vazgeçmeyen 17 BIST şirketi - yatirimx.com.tr
2026-09-07 13:28:26.855535,CCOLA.IS,haber,"10 yıldır temettüden vazgeçmeyen 17 BIST şirketi - yatirimx.com.tr | BIMAS, CCOLA ve SISE, ""Temettü Geçmişi Güçlü Hisseler"" Listesinde - Para Ajansı"
2026-09-07 13:28:28.430001,FROTO.IS,haber,10 yıldır temettüden vazgeçmeyen 17 BIST şirketi - yatirimx.com.tr
2026-09-07 13:28:30.844067,TAVHL.IS,haber,Eylül 2026 temettü takvimi: Hangi şirket ne kadar temettü ödeyecek? - Niğde Anadolu Haber | Borsa şirketlerinin Eylül ayı temettü ödeme tarihleri belli oldu - ajansflash.com | Temettü dağıtacak 46 şirket - Rota Borsa
2026-09-07 13:28:32.189260,ALARK.IS,haber,10 yıldır temettüden vazgeçmeyen 17 BIST şirketi - yatirimx.com.tr
2026-09-07 13:28:33.236352,ASTOR.IS,haber,BIST 100 günün ilk yarısında yükseldi - ekotürk | Piyasalar Bahar Havasında: BIST 100 Rekor Seviyeyi Zorluyor - Ekonomi Dünya | Temettü dağıtacak 46 şirket - Rota Borsa
2026-09-08 12:06:41.770968,VAKBN.IS,teknik,fiyat=33.56 sl=32.93 tp=34.71 adet=79
2026-09-08 12:06:53.741524,TKFEN.IS,teknik,fiyat=213.30 sl=209.48 tp=220.31 adet=13
2026-09-08 12:06:56.041662,THYAO.IS,haber,"BIST 100 gün içinde 14.169,80’i gördü! Kapanışta yüzde 0,99 yükseldi - Takvim | Piyasalarda gün sonu: Borsa yükseldi, altın geriledi - ekotürk"
2026-09-08 12:06:57.193255,AKBNK.IS,haber,"BIST 100 gün içinde 14.169,80’i gördü! Kapanışta yüzde 0,99 yükseldi - Takvim | Piyasalarda gün sonu: Borsa yükseldi, altın geriledi - ekotürk"
2026-09-08 12:06:58.149577,ISCTR.IS,haber,"BIST 100 gün içinde 14.169,80’i gördü! Kapanışta yüzde 0,99 yükseldi - Takvim | Piyasalarda gün sonu: Borsa yükseldi, altın geriledi - ekotürk"
2026-09-08 12:07:00.246284,ASELS.IS,haber,"BIST 100 gün içinde 14.169,80’i gördü! Kapanışta yüzde 0,99 yükseldi - Takvim | Piyasalarda gün sonu: Borsa yükseldi, altın geriledi - ekotürk"
2026-09-08 12:07:01.131039,KCHOL.IS,haber,Fed'den Eylülde Faiz Artırım Beklentisi Yükseldi! - Para Ajansı | 10 yıldır temettüden vazgeçmeyen 17 BIST şirketi - YatırımX
2026-09-08 12:07:01.917636,SAHOL.IS,haber,10 yıldır temettüden vazgeçmeyen 17 BIST şirketi - YatırımX
2026-09-08 12:07:04.020529,TUPRS.IS,haber,"BIST 100 gün içinde 14.169,80’i gördü! Kapanışta yüzde 0,99 yükseldi - Takvim | Fed'den Eylülde Faiz Artırım Beklentisi Yükseldi! - Para Ajansı | Altın Fiyatlarında Yeni Rekorlar Gelebilir: Goldman Sachs Duyurdu! - Para Ajansı"
2026-09-08 12:07:04.864701,BIMAS.IS,haber,2026 Eylül temettü takvimi: Hangi şirketler ne zaman kâr payı dağıtacak? - Uyan 32 | 10 yıldır temettüden vazgeçmeyen 17 BIST şirketi - YatırımX
2026-09-08 12:07:06.345668,CCOLA.IS,haber,10 yıldır temettüden vazgeçmeyen 17 BIST şirketi - YatırımX
2026-09-08 12:07:08.512584,FROTO.IS,haber,10 yıldır temettüden vazgeçmeyen 17 BIST şirketi - YatırımX
2026-09-08 12:07:10.718695,SISE.IS,haber,Yarın bir şirket yatırımcılarına temettü dağıtacak - Rota Borsa
2026-09-08 12:07:12.338145,TAVHL.IS,haber,2026 Eylül temettü takvimi: Hangi şirketler ne zaman kâr payı dağıtacak? - Uyan 32
2026-09-08 12:07:14.285913,ALARK.IS,haber,10 yıldır temettüden vazgeçmeyen 17 BIST şirketi - YatırımX
2026-09-09 12:18:19.059375,DOHOL.IS,teknik,fiyat=21.88 sl=21.48 tp=22.61 adet=126
2026-09-09 12:18:22.864590,THYAO.IS,haber,THY'den yolcu rekoru! 8 ayda 64 milyon kişiyi taşıdı - CNBC-e | Piyasalarda gün sonu: Borsa ve Brent petrol yükseldi - ekotürk | THY'den Yolcu Rekoru: 8 Ayda 64 Milyon Kişi Taşıdı - Finans Hattı
2026-09-09 12:18:23.919655,AKBNK.IS,haber,"BIST 100 endeksi günün ilk yarısında yüzde 0,81 artışla 14.522,59 puana yükseldi - Son Dakika"
2026-09-09 12:18:24.767337,ISCTR.IS,haber,"BIST 100 endeksi günün ilk yarısında yüzde 0,81 artışla 14.522,59 puana yükseldi - Son Dakika | Borsada İş Bankası rüzgarı! ISCTR hissesi neden yükseldi, tavan mı oldu? - İnternet Haber | Borsada İş Bankası rüzgarı! ISCTR hissesi neden yükseldi, tavan mı oldu? - Gazeteciler.com"
2026-09-09 12:18:26.416656,ASELS.IS,haber,"BIST 100 endeksi günün ilk yarısında yüzde 0,81 artışla 14.522,59 puana yükseldi - Son Dakika | Bilanço büyümesine piyasa kaç kat değer biçiyor? BIST 30’dan 4 şirket haberi - Borsanın Gündemi"
2026-09-09 12:18:28.298339,SASA.IS,haber,"BIST 100 endeksi günün ilk yarısında yüzde 0,81 artışla 14.522,59 puana yükseldi - Son Dakika | Piyasalarda gün sonu: Borsa ve Brent petrol yükseldi - ekotürk"
2026-09-09 12:18:29.064332,PETKM.IS,haber,Altın ABD enflasyon verileri öncesinde yükseldi - Borsamatik
2026-09-09 12:18:30.133317,BIMAS.IS,haber,BİM'DE BU HAFTA REKOR İNDİRİM! DUYAN MAĞAZAYA KOŞACAK (BİM 11-17 EYLÜL) - Ekonomim
2026-09-09 12:18:31.503587,AEFES.IS,haber,"13,45 milyarlık kâr açıkladı 3 milyarlık temettü dağıttı - Ekonomim"
2026-09-09 12:18:35.084857,TAVHL.IS,haber,2026 EYLÜL TEMETTÜ TAKVİMİ: Eylül Ayında Hangi Şirket Ne Kadar Temettü Dağıtacak? Borsa İstanbul'da Temettü Heyecanı! İşte Bu Ay Temettü Verecek Şirketler Listesi - CNN Türk
2026-09-09 12:18:36.262773,GUBRF.IS,haber,Bilanço büyümesine piyasa kaç kat değer biçiyor? BIST 30’dan 4 şirket haberi - Borsanın Gündemi
2026-09-09 12:18:37.669913,ASTOR.IS,haber,Bilanço büyümesine piyasa kaç kat değer biçiyor? BIST 30’dan 4 şirket haberi - Borsanın Gündemi | 23 şirkette 4 kriter birden sağlandı: 7 şirkette net kâr büyümesi yüzde 300’ü aştı haberi - Borsanın Gündemi
2026-09-10 10:44:50.447572,DOHOL.IS,teknik,fiyat=21.70 sl=21.34 tp=22.36 adet=139
2026-09-10 10:44:53.888282,THYAO.IS,haber,Piyasalarda gün sonu: Borsa ve Brent petrol yükseldi - ekoturk.com
2026-09-10 10:44:54.946809,AKBNK.IS,haber,"Borsa İstanbul'da tarihi rekor! 328,5 milyar TL'lik işlem hacmi - CNBC-e"
2026-09-10 10:44:55.789544,ISCTR.IS,haber,"Borsa İstanbul'da tarihi rekor! 328,5 milyar TL'lik işlem hacmi - CNBC-e | Borsa İstanbul’da işlem hacmi rekoru: 328,5 milyar TL - ekoturk.com"
2026-09-10 10:44:59.251599,SASA.IS,haber,"Borsa İstanbul’da işlem hacmi rekoru: 328,5 milyar TL - ekoturk.com | Borsa İstanbul'da tarihi rekor! 328,5 milyar TL'lik işlem hacmi - CNBC-e | Piyasalarda gün sonu: Borsa ve Brent petrol yükseldi - ekoturk.com"
2026-09-10 10:45:00.054526,PETKM.IS,haber,PLTUR hisselerinde temettü sonrası fiyat değişti - Borsamatik | ABD'nin kamu borcu tarihi seviyelere yükseldi - Borsamatik
2026-09-10 10:45:00.815833,TUPRS.IS,haber,2026 Eylül ayı temettü takvimi ve kar oranları belli oldu: Yatırımcının gözü bu tarihlerde - Nefes Gazetesi | 23 şirkette 4 kriter birden sağlandı: 7 şirkette net kâr büyümesi yüzde 300’ü aştı haberi - Borsanın Gündemi
2026-09-10 10:45:01.584939,BIMAS.IS,haber,2026 Eylül ayı temettü takvimi ve kar oranları belli oldu: Yatırımcının gözü bu tarihlerde - Nefes Gazetesi
2026-09-10 10:45:03.196659,AEFES.IS,haber,10 hissede 4 kriter birlikte yükseldi Anel Elektrik’te hacim yüzde 775 arttı haberi - Borsanın Gündemi
2026-09-10 10:45:04.208566,TTKOM.IS,haber,BofA 2026 ve 2027 Küresel Büyüme Tahminlerini Revize Etti - Paranın Yönü
2026-09-10 10:45:07.637646,TAVHL.IS,haber,"TGS'den ağustos ayında rekor: 15,3 milyon yolcuya hizmet verdi - Ekonomim | 2026 Eylül ayı temettü takvimi ve kar oranları belli oldu: Yatırımcının gözü bu tarihlerde - Nefes Gazetesi"
2026-09-10 10:45:09.296443,ALARK.IS,haber,10 hissede 4 kriter birlikte yükseldi Anel Elektrik’te hacim yüzde 775 arttı haberi - Borsanın Gündemi
2026-09-10 10:45:10.500513,ASTOR.IS,haber,2 şirket temettü kararını açıkladı - Rota Borsa
2026-09-10 10:45:11.824315,GARAN.IS,analist,"Deniz Yatırım’dan GARAN için 211,30 TL hedef fiyat ve AL tavsiyesi - Borsatek"
2026-09-10 12:11:53.298140,DOHOL.IS,teknik,fiyat=21.66 sl=21.31 tp=22.30 adet=143
2026-09-10 12:11:56.753587,ISCTR.IS,haber,"Borsa İstanbul’da işlem hacmi rekoru: 328,5 milyar TL - ekotürk | Borsa İstanbul’da yeni rekor - Rota Borsa"
2026-09-10 12:11:59.786688,SASA.IS,haber,"Borsa İstanbul’da işlem hacmi rekoru: 328,5 milyar TL - ekotürk"
2026-09-10 12:12:00.450329,PETKM.IS,haber,PLTUR hisselerinde temettü sonrası fiyat değişti - borsamatik.com.tr | ABD'nin kamu borcu tarihi seviyelere yükseldi - borsamatik.com.tr | BofA'dan küresel büyüme tahmini - borsamatik.com.tr
2026-09-10 12:12:06.748722,GUBRF.IS,haber,"Borsa İstanbul’da 6 şirketten temettü kararı: Birer lotu olana toplam 4,49 TL ödeme - 12punto.com.tr"
2026-09-10 12:12:07.780074,TKFEN.IS,haber,"Tekfen’deki 600 bin adetlik alımın ardından Libco–Vera–CDC–Cevahir grubunun toplam payı yüzde 36,87’ye yükseldi - Patronlar Dünyası | Borsa İstanbul’da 6 şirketten temettü kararı: Birer lotu olana toplam 4,49 TL ödeme - 12punto.com.tr"
2026-09-11 12:10:15.864309,GARAN.IS,teknik,fiyat=134.90 sl=133.09 tp=138.22 adet=27
2026-09-11 12:10:17.415684,VAKBN.IS,teknik,fiyat=36.92 sl=35.94 tp=38.72 adet=50
2026-09-11 12:10:25.232991,THYAO.IS,haber,"Piyasalar Çarşamba Gününü Kazançla Tamamladı: Borsa Rekor Kırdı - Ekonomi Dünya | TGS'den ağustos ayında rekor: 15,3 milyon yolcuya hizmet verdi - Ekonomim | BofA 2026 ve 2027 Küresel Büyüme Tahminlerini Revize Etti - Paranın Yönü"
2026-09-11 12:10:29.512974,PETKM.IS,haber,BofA'dan küresel büyüme tahmini - Borsamatik
2026-09-11 12:10:30.213587,TUPRS.IS,haber,"2026 Eylül ayında temettü dağıtacak şirketler: Hangi hisse ne kadar verecek? - yenisafak.com | TD Cowen, güçlü ARR büyümesinin ardından SailPoint hisse senedi notunu teyit etti - Investing.com Türkiye | Borsa günün ilk yarısında yükseldi: BIST 100 14.420 puanı gördü - Türkgün"
2026-09-11 12:10:30.824445,BIMAS.IS,haber,Borsa İstanbul’da dört şirket temettü dağıtacak - Yeni Alanya | 2026 Eylül ayında temettü dağıtacak şirketler: Hangi hisse ne kadar verecek? - yenisafak.com
2026-09-11 12:10:35.092686,TAVHL.IS,haber,2026 Eylül ayında temettü dağıtacak şirketler: Hangi hisse ne kadar verecek? - yenisafak.com
2026-09-11 12:10:36.221124,GUBRF.IS,haber,"Borsa İstanbul’da 6 şirketten temettü kararı: Birer lotu olana toplam 4,49 TL ödeme - 12punto"
2026-09-11 12:10:37.087451,TKFEN.IS,haber,"Borsa İstanbul’da 6 şirketten temettü kararı: Birer lotu olana toplam 4,49 TL ödeme - 12punto"
2026-09-11 12:10:41.150691,EREGL.IS,analist,"Çelikte Üretim Arttı, İthalat Düştü! Halk Yatırım’dan İki Hisse İçin AL Tavsiyesi... - paraajansi.com.tr"
2026-09-11 12:10:41.751382,KRDMD.IS,analist,"Çelikte Üretim Arttı, İthalat Düştü! Halk Yatırım’dan İki Hisse İçin AL Tavsiyesi... - paraajansi.com.tr"
2026-09-14 13:56:24.069667,AKBNK.IS,teknik,fiyat=72.90 sl=72.00 tp=74.55 adet=55
2026-09-14 13:56:25.549776,YKBNK.IS,teknik,fiyat=36.70 sl=36.27 tp=37.48 adet=117
2026-09-14 13:56:41.104906,THYAO.IS,haber,Havacılıkta Büyüme Hisselere Nasıl Yansıyor? 4 Şirketin Rakamları Ne Söylüyor? - borsagundem.com.tr | 15 Yıldır Yatırımcısına Düzenli Temettü Dağıtan 21 Şirket Belirlendi! - Para Ajansı
2026-09-14 13:56:42.911312,ISCTR.IS,haber,"53,43 milyarlık rekor alım yapan TERA Yatırım bu hisseleri topladı - Rota Borsa | Tera Yatırım'dan Rekor Alım: Toplanan Hisseler Açıklandı - Finans Hattı"
2026-09-14 13:56:45.373690,KCHOL.IS,haber,15 Yıldır Yatırımcısına Düzenli Temettü Dağıtan 21 Şirket Belirlendi! - Para Ajansı
2026-09-14 13:56:46.099289,SAHOL.IS,haber,15 Yıldır Yatırımcısına Düzenli Temettü Dağıtan 21 Şirket Belirlendi! - Para Ajansı
2026-09-14 13:56:47.595743,SASA.IS,haber,SASA Polyester hisselerinde TERA Yatırım işlemleri yeni rekor getirdi - Rota Borsa | SASA Hisselerinde Tera Yatırım Etkisiyle İşlem Hacmi Rekoru - Finans Hattı | Tera Yatırım'dan Rekor Alım: Toplanan Hisseler Açıklandı - Finans Hattı
2026-09-14 13:56:48.819882,TUPRS.IS,haber,2026 EYLÜL TEMETTÜ TAKVİMİ: Eylül Ayında Hangi Şirket Ne Kadar Temettü Dağıtacak? Borsa İstanbul'da Temettü Heyecanı! İşte Bu Ay Temettü Verecek Şirketler Listesi - CNN Türk
2026-09-14 13:56:49.584059,BIMAS.IS,haber,Bu hafta 4 şirket yatırımcılarına temettü dağıtacak - Rota Borsa | 15 Yıldır Yatırımcısına Düzenli Temettü Dağıtan 21 Şirket Belirlendi! - Para Ajansı | Temettü dağıtacak 47 şirket - Rota Borsa
2026-09-14 13:56:51.051204,CCOLA.IS,haber,15 Yıldır Yatırımcısına Düzenli Temettü Dağıtan 21 Şirket Belirlendi! - Para Ajansı
2026-09-14 13:56:51.827678,AEFES.IS,haber,Ekim Ayında Temettü Ödeyecek Şirketler Belli Oldu - YatırımX
2026-09-14 13:56:53.346586,PGSUS.IS,haber,Havacılıkta Büyüme Hisselere Nasıl Yansıyor? 4 Şirketin Rakamları Ne Söylüyor? - borsagundem.com.tr
2026-09-14 13:56:54.413973,TOASO.IS,haber,15 Yıldır Yatırımcısına Düzenli Temettü Dağıtan 21 Şirket Belirlendi! - Para Ajansı
2026-09-14 13:56:57.128677,ENKAI.IS,haber,15 Yıldır Yatırımcısına Düzenli Temettü Dağıtan 21 Şirket Belirlendi! - Para Ajansı
2026-09-14 13:56:57.977566,TAVHL.IS,haber,Havacılıkta Büyüme Hisselere Nasıl Yansıyor? 4 Şirketin Rakamları Ne Söylüyor? - borsagundem.com.tr | Temettü dağıtacak 47 şirket - Rota Borsa
2026-09-14 13:57:00.012955,ALARK.IS,haber,10 hissede 4 kriter birlikte yükseldi: Altınkılıç’ta hacim yüzde 700 arttı haberi - Borsanın Gündemi | 15 Yıldır Yatırımcısına Düzenli Temettü Dağıtan 21 Şirket Belirlendi! - Para Ajansı
2026-09-14 13:57:01.619032,ASTOR.IS,haber,10 hissede 4 kriter birlikte yükseldi: Altınkılıç’ta hacim yüzde 700 arttı haberi - Borsanın Gündemi | Ekim Ayında Temettü Ödeyecek Şirketler Belli Oldu - YatırımX | Temettü dağıtacak 47 şirket - Rota Borsa
2026-09-15 12:38:01.854370,TUPRS.IS,haber,Eylül Ayının İkinci Yarısında Hangi Temettüler Bekleniyor? - Para Ajansı
2026-09-15 12:38:02.699315,BIMAS.IS,haber,Eylül Ayının İkinci Yarısında Hangi Temettüler Bekleniyor? - Para Ajansı
2026-09-15 12:38:04.041823,CCOLA.IS,haber,Coca Cola temettü ödemesi ve getiri oranı açıklandı - Borsatek
2026-09-15 12:38:05.534844,TTKOM.IS,haber,"Yolcu sayısı 10 milyonu buldu yabancı payı 2,66 puan yükseldi - Ekonomim | Temettü ödemesi nedeniyle 2 hissenin fiyatı yeniden belirleniyor - ajansflash.com | Temettü sebebiyle 2 hisse fiyatlarında değişikliğe gidilecek - İşçi Haber"
2026-09-15 12:38:08.737058,TAVHL.IS,haber,Eylül Ayının İkinci Yarısında Hangi Temettüler Bekleniyor? - Para Ajansı | Eylül 2026 Temettü Takvimi Nasıl? Hangi Şirketler Temettü Verecek? En Yüksek Ödeme Hangisi? - Milli Gazete
2026-09-15 12:38:09.860213,EKGYO.IS,haber,"Yolcu sayısı 10 milyonu buldu yabancı payı 2,66 puan yükseldi - Ekonomim | Temettü ödemesi nedeniyle 2 hissenin fiyatı yeniden belirleniyor - ajansflash.com | Temettü sebebiyle 2 hisse fiyatlarında değişikliğe gidilecek - İşçi Haber"
2026-09-15 12:38:11.946905,ASTOR.IS,haber,"Yolcu sayısı 10 milyonu buldu yabancı payı 2,66 puan yükseldi - Ekonomim"
2026-09-16 12:34:08.030052,THYAO.IS,haber,"Piyasalarda gün sonu: Borsa geriledi, altın ve petrol yükseldi - ekotürk"
2026-09-16 12:34:08.865884,GARAN.IS,haber,BİST100'de İşlem Hacmi Yükseldi! En Yüksek Hacimli Hisseler Hangileri? - Para Ajansı
2026-09-16 12:34:12.682765,SASA.IS,haber,"Piyasalarda gün sonu: Borsa geriledi, altın ve petrol yükseldi - ekotürk | SASA Polyester Kredi Notu Yükseldi: Fitch ""B-"" Seviyesine Çekti - Finans Hattı"
2026-09-16 12:34:14.115420,BIMAS.IS,haber,"BİM Mağazalar, hisse başına 2,50 TL temettü ile ex-dividend oluyor - Investing.com Türkiye | Bugün Temettü Ödeyen BIMAS Hissesinin Fiyatında Düzeltme Yapıldı! - borsagundem.com.tr | Bim Birleşik Mağazalar (BIMAS) hisse senedi fiyatı temettü sebebiyle değişiyor - rotaborsa.com"
2026-09-16 12:34:18.657593,TAVHL.IS,haber,TEMETTÜ TAKVİMİ 2026 EYLÜL: Eylül Ayında Hangi Şirket Ne Kadar Temettü Dağıtacak? Borsa İstanbul'da Temettü Heyecanı! İşte Bu Ay Temettü Verecek Şirketler Listesi - CNN Türk
2026-09-16 12:34:19.933279,GUBRF.IS,haber,"Gübretaş'ın ilk yarı net karı 4,77 milyar TL'ye yükseldi - Foreks.com"
2026-09-16 12:34:27.959291,FROTO.IS,analist,"Deniz Yatırım, TOASO için AL tavsiyesini ve hedef fiyatını yayımladı - Borsatek"
2026-09-16 12:34:28.700551,TOASO.IS,analist,"Deniz Yatırım, TOASO için AL tavsiyesini ve hedef fiyatını yayımladı - Borsatek"
